created_at,user,text_clean,text_preprocessed,polarity_score,polarity
2022-10-28 10:54:54+00:00,Om Udien Official,wisnu    uu pdp akan memperkuat kepercayaan dan pengakuan terhadap kepemimpinan indonesia dalam tata kelola data global indonesia menjadi negara ke di asean yang punya payung hukum perlindungan data pribadin,"['wisnu', 'uu', 'pdp', 'kuat', 'percaya', 'aku', 'pimpin', 'indonesia', 'tata', 'kelola', 'data', 'global', 'indonesia', 'negara', 'asean', 'payung', 'hukum', 'lindung', 'data', 'pribadin']",1,positive
2022-10-28 09:08:46+00:00,Udien Marbot Official,semuel abrijani pangerapan mengatakan pengesahan undangundang pelindungan data pribadi uu pdp oleh presiden pada  oktober  lalu menandai era baru dalam tata kelola data pribadi di ranah digital indonesian,"['semuel', 'abrijani', 'pangerapan', 'kesah', 'undangundang', 'lindung', 'data', 'pribadi', 'uu', 'pdp', 'presiden', 'oktober', 'tanda', 'era', 'tata', 'kelola', 'data', 'pribadi', 'ranah', 'digital', 'indonesian']",2,positive
2022-10-28 09:00:33+00:00,Miwa,wisnu    keren setelah uu pdp akan membentuk lembaga otoritas,"['wisnu', 'keren', 'uu', 'pdp', 'bentuk', 'lembaga', 'otoritas']",1,positive
2022-10-28 08:58:26+00:00,Raavana,wisnu    tegas uu pdp lindungi hak warga negara,"['wisnu', 'uu', 'pdp', 'lindung', 'hak', 'warga', 'negara']",4,positive
2022-10-28 08:34:28+00:00,Ary Prasetyo,pengesahan undangundang pelindungan data pribadi uu pdp oleh presiden pada  oktober  lalu menandai era baru dalam tata kelola data pribadi di ranah digital indonesia n  n,"['kesah', 'undangundang', 'lindung', 'data', 'pribadi', 'uu', 'pdp', 'presiden', 'oktober', 'tanda', 'era', 'tata', 'kelola', 'data', 'pribadi', 'ranah', 'digital', 'indonesia', 'n', 'n']",2,positive
2022-10-28 06:36:35+00:00,Ngalap Berkah Nitizen,usai pengesahan uu perlindungan data pribadi pdp kementerian kominfo menargetkan lembaga otoritas pdp segera terbentuk dalam waktu enam bulann,"['kesah', 'uu', 'lindung', 'data', 'pribadi', 'pdp', 'menteri', 'kominfo', 'target', 'lembaga', 'otoritas', 'pdp', 'bentuk', 'enam', 'bulann']",4,positive
2022-10-28 04:26:37+00:00,Udien Marbot Official,wisnu    semuel abrijani pangerapan mengatakan diterbitkannya undangundang perlindungan data pribadi atau uu pdp mampu menciptakan banyak profesi barun,"['wisnu', 'semuel', 'abrijani', 'pangerapan', 'terbit', 'undangundang', 'lindung', 'data', 'pribadi', 'uu', 'pdp', 'cipta', 'profesi', 'barun']",1,positive
2022-10-28 01:47:58+00:00,Miwa,wisnu    luar biasa manfaatnya uu pdp,"['wisnu', 'manfaat', 'uu', 'pdp']",5,positive
2022-10-28 01:35:44+00:00,Raavana,wisnu    efek positifnya mulai terasa dari uu pdp,"['wisnu', 'efek', 'positif', 'uu', 'pdp']",7,positive
2022-10-28 00:56:42+00:00,Spy Zone,uu pdp akan memperkuat kepercayaan dan rekognisi terhadap kepemimpinan indonesia dalam tata kelola data global indonesia menjadi negara ke di asean yang punya payung hukum perlindungan data pribadin  n,"['uu', 'pdp', 'kuat', 'percaya', 'rekognisi', 'pimpin', 'indonesia', 'tata', 'kelola', 'data', 'global', 'indonesia', 'negara', 'asean', 'payung', 'hukum', 'lindung', 'data', 'pribadin', 'n']",5,positive
2022-10-28 00:54:16+00:00,Ary Prasetyo,dengan diterbitkannya undangundang perlindungan data pribadi atau uu pdp mampu menciptakan banyak profesi barunn  n,"['terbit', 'undangundang', 'lindung', 'data', 'pribadi', 'uu', 'pdp', 'cipta', 'profesi', 'barunn', 'n']",1,positive
2022-10-28 00:40:01+00:00,Warta Ekonomi,xynexis international gelar simposium idpps  yogyakarta berbagai industri kumpul bahas uu pdp,"['xynexis', 'international', 'gelar', 'simposium', 'idpps', 'yogyakarta', 'industri', 'kumpul', 'bahas', 'uu', 'pdp']",4,positive
2022-10-27 23:54:11+00:00,Batara Wisnu,dirjen aptika kominfo uu pdp mampu ciptakan tenaga kerja barunnsemuel abrijani pangerapan mengatakan diterbitkannya undangundang perlindungan data pribadi atau uu pdp mampu menciptakan banyak profesi barun,"['dirjen', 'aptika', 'kominfo', 'uu', 'pdp', 'cipta', 'tenaga', 'kerja', 'barunnsemuel', 'abrijani', 'pangerapan', 'terbit', 'undangundang', 'lindung', 'data', 'pribadi', 'uu', 'pdp', 'cipta', 'profesi', 'barun']",6,positive
2022-10-27 08:05:25+00:00,LampungPostId,pemerintah telah mengesahkan undangundang pelindungan data pribadi ruu pdp yang mengatur berbagai aspek persyaratan pelindungan yang harus diterapkan  nn  n,"['perintah', 'kesah', 'undangundang', 'lindung', 'data', 'pribadi', 'ruu', 'pdp', 'atur', 'aspek', 'syarat', 'lindung', 'terap', 'nn', 'n']",4,positive
2022-10-27 06:01:44+00:00,Media Indonesia,uu perlindungan data pribadi pdp masih perlu pembahasan lebih jelas,"['uu', 'lindung', 'data', 'pribadi', 'pdp', 'bahas']",3,positive
2022-10-27 04:39:57+00:00,Rani,wisnu  dengan adanya uu pdp akan semakin jelas aturan tentang pelindungan data pribadin,"['wisnu', 'uu', 'pdp', 'atur', 'lindung', 'data', 'pribadin']",1,positive
2022-10-26 16:06:24+00:00,Heru Sutadi,pakar teknologi informatika dukung uu pdp,"['pakar', 'teknologi', 'informatika', 'dukung', 'uu', 'pdp']",3,positive
2022-10-26 10:21:17+00:00,Japri Indonesia,seperti yang sudah tertulis dalam uu pdp diperlukan petugaspejabat pelindungan data pribadi ppdp untuk memastikan pemrosesan data pribadi sesuai dengan regulasi yang berlaku,"['tulis', 'uu', 'pdp', 'petugaspejabat', 'lindung', 'data', 'pribadi', 'ppdp', 'pemrosesan', 'data', 'pribadi', 'sesuai', 'regulasi', 'laku']",1,positive
2022-10-26 09:17:03+00:00,JPNN.com,hemi lavour febrinandez menilai beberapa ketentuan dalam uu pdp berpotensi menimbulkan masalah ke depan seperti pembentukan lembaga perlindungan data pribadi,"['hem', 'lavour', 'febrinandez', 'nilai', 'tentu', 'uu', 'pdp', 'potensi', 'timbul', 'bentuk', 'lembaga', 'lindung', 'data', 'pribadi']",4,positive
2022-10-25 13:56:08+00:00,CNN Indonesia,uu pdp berlaku kapan lembaga pengawas dibentuk,"['uu', 'pdp', 'laku', 'lembaga', 'awas', 'bentuk']",2,positive
2022-10-25 13:07:20+00:00,Teknokrat IT,sah  indonesia mempunyai produk hukum uu perlindungan data pribadi,"['sah', 'indonesia', 'produk', 'hukum', 'uu', 'lindung', 'data', 'pribadi']",4,positive
2022-10-25 09:45:00+00:00,HukumOnline,september  ruu pdp resmi disahkan menjadi undangundang hal ini menjadi babak baru dalam perkembangan pengaturan mengenai pelindungan data pribadi di indonesia n,"['september', 'ruu', 'pdp', 'resmi', 'sah', 'undangundang', 'babak', 'kembang', 'atur', 'lindung', 'data', 'pribadi', 'indonesia', 'n']",2,positive
2022-10-25 07:45:00+00:00,HukumOnline,mengenal tantangan merumuskan aturan turunan uu pdp hukumonline menggelar survei indonesian inhouse counsel awards  dan indonesia pro bono awards  serta perlunya literasi jasa keuangan untuk mencegah kasus investasi bodongn,"['kenal', 'tantang', 'rumus', 'atur', 'turun', 'uu', 'pdp', 'hukumonline', 'gelar', 'survei', 'indonesian', 'inhouse', 'counsel', 'awards', 'indonesia', 'pro', 'bono', 'awards', 'literasi', 'jasa', 'uang', 'cegah', 'investasi', 'bodongn']",1,positive
2022-10-24 09:05:03+00:00,Databoks Indonesia,undangundang uu pelindungan data pribadi pdp telah disetujui bersama oleh dpr dan presiden dengan disahkannya ruu pdp pemerintah akan melaksanakan pengawasan terhadap tata kelola data pribadi,"['undangundang', 'uu', 'lindung', 'data', 'pribadi', 'pdp', 'tuju', 'dpr', 'presiden', 'sah', 'ruu', 'pdp', 'perintah', 'laksana', 'awas', 'tata', 'kelola', 'data', 'pribadi']",2,positive
2022-10-24 07:51:02+00:00,Japri Indonesia,seringkali kita mendengar istilah data pribadi tetapi kalian tahu tidak sih definisi sebenarnya dari data pribadi dalam uu pdp itu sendirinnpahami dulu yuk definisi yang paling tepat dari data pribadi berikut ini,"['seringkali', 'dengar', 'istilah', 'data', 'pribadi', 'sih', 'definisi', 'data', 'pribadi', 'uu', 'pdp', 'sendirinnpahami', 'yuk', 'definisi', 'data', 'pribadi']",3,positive
2022-10-24 05:15:00+00:00,HukumOnline,lulusan ilmu hukum didorong lirik bidang ham mengenali lokasi penugasan menjadi hakim  tanggung jawab negara tuntaskan pelanggaran ham berat turut dibahas hukumonlinen,"['lulus', 'ilmu', 'hukum', 'dorong', 'lirik', 'bidang', 'ham', 'nali', 'lokasi', 'tugas', 'hakim', 'tanggung', 'negara', 'tuntas', 'langgar', 'ham', 'berat', 'bahas', 'hukumonlinen']",10,positive
2022-10-24 02:27:08+00:00,Dukcapil Kota Mojokerto,jakarta  presiden joko widodo jokowi resmi menandatangani uu perlindungan data pribadi uu itu diberi nomor  tahun nuu pdp diteken jokowi pada  oktober  sebagaimana dilihat detikcom dalam salinannya selasa  uu itu terdiri dari  pasal,"['jakarta', 'presiden', 'joko', 'widodo', 'jokowi', 'resmi', 'menandatangani', 'uu', 'lindung', 'data', 'pribadi', 'uu', 'nomor', 'nuu', 'pdp', 'teken', 'jokowi', 'oktober', 'detikcom', 'salin', 'selasa', 'uu', 'pasal']",2,positive
2022-10-23 11:00:01+00:00,Heru Sutadi,jokowi resmi meneken uu perlindungan data pribadi pdp,"['jokowi', 'resmi', 'teken', 'uu', 'lindung', 'data', 'pribadi', 'pdp']",3,positive
2022-10-22 23:06:03+00:00,Onno W. Purbo,naskah uu  perlindungan data pribadi pdpnn,"['naskah', 'uu', 'lindung', 'data', 'pribadi', 'pdpnn']",1,positive
2022-10-22 02:43:13+00:00,Dwie,menkominfo  mengatakan pemerintah sedang menyiapkan peraturan presiden dan aturan turunan dari undangundang nomor  tahun  tentang pelindungan data pribadi pdpnn,"['menkominfo', 'perintah', 'atur', 'presiden', 'atur', 'turun', 'undangundang', 'nomor', 'lindung', 'data', 'pribadi', 'pdpnn']",2,positive
2022-10-22 02:39:13+00:00,DEWI,menkominfo  pemerintah siapkan perpres dan aturan turunan uu pdpnnmenkominfo juga menyebutkan pemerintah juga akan menggelar konsultasi publik dalam penyusunan aturan turunan uu pdpnn,"['menkominfo', 'perintah', 'siap', 'pres', 'atur', 'turun', 'uu', 'pdpnnmenkominfo', 'perintah', 'gelar', 'konsultasi', 'publik', 'susun', 'atur', 'turun', 'uu', 'pdpnn']",2,positive
2022-10-22 01:24:17+00:00,Om Udien Official,menkominfo juga pemerintah juga akan menggelar konsultasi publik dalam penyusunan aturan turunan uu pdpn,"['menkominfo', 'perintah', 'gelar', 'konsultasi', 'publik', 'susun', 'atur', 'turun', 'uu', 'pdpn']",3,positive
2022-10-21 13:49:49+00:00,Ë¢Ê¸áµˆâ¿áµ‰Ê¸ğŸ¥€,menkominfo johnny plate pemerintah siapkan perpres dan aturan turunan uu pdpnnmenkominfo juga menyebutkan pemerintah juga akan menggelar konsultasi publik dalam penyusunan aturan turunan uu pdpnnn,"['menkominfo', 'johnny', 'plate', 'perintah', 'siap', 'pres', 'atur', 'turun', 'uu', 'pdpnnmenkominfo', 'perintah', 'gelar', 'konsultasi', 'publik', 'susun', 'atur', 'turun', 'uu', 'pdpnnn']",2,positive
2022-10-21 11:37:35+00:00,Netizen Indonesiaâ„¢,menkominfo johnny g plate npemerintah sedang menyiapkan pp dan aturan turunan dari undangundang nomor  tahun  tentang pdpndan pemerintah akan menggelar konsultasi publik dalam penyusunan aturan turunan uu pdpnn  nn,"['menkominfo', 'johnny', 'g', 'plate', 'npemerintah', 'pp', 'atur', 'turun', 'undangundang', 'nomor', 'pdpndan', 'perintah', 'gelar', 'konsultasi', 'publik', 'susun', 'atur', 'turun', 'uu', 'pdpnn', 'nn']",1,positive
2022-10-21 10:18:14+00:00,Udien Marbot Official,wisnu  pemerintah sedang menyiapkan peraturan presiden amp aturan turunan dari uu nomor  tahun  tentang pelindungan data pribadi pdp menkominfo johnny g plate juga pemerintah juga akan menggelar konsultasi publik dalam penyusunan aturan turunan uu pdpn,"['wisnu', 'perintah', 'atur', 'presiden', 'amp', 'atur', 'turun', 'uu', 'nomor', 'lindung', 'data', 'pribadi', 'pdp', 'menkominfo', 'johnny', 'g', 'plate', 'perintah', 'gelar', 'konsultasi', 'publik', 'susun', 'atur', 'turun', 'uu', 'pdpn']",5,positive
2022-10-21 09:22:29+00:00,Ary Prasetyo,menkominfo johnny g plate mengatakan pemerintah sedang menyiapkan peraturan presiden dan aturan turunan dari undangundang nomor  tahun  tentang pelindungan data pribadi pdpn  nn,"['menkominfo', 'johnny', 'g', 'plate', 'perintah', 'atur', 'presiden', 'atur', 'turun', 'undangundang', 'nomor', 'lindung', 'data', 'pribadi', 'pdpn', 'nn']",2,positive
2022-10-21 07:30:18+00:00,Nini Tulalit ğŸ‡²ğŸ‡¨ğŸ‡²ğŸ‡¨ğŸ‡²ğŸ‡¨,menkominfo johnny g plate  pemerintah sedang menyiapkan perpres dan aturan turunan uu pdp dan mengundang partisipasi masyarakat dengan menggelar konsultasi publik dalam penyusunannyann n nn,"['menkominfo', 'johnny', 'g', 'plate', 'perintah', 'pres', 'atur', 'turun', 'uu', 'pdp', 'undang', 'partisipasi', 'masyarakat', 'gelar', 'konsultasi', 'publik', 'penyusunannyann', 'n', 'nn']",8,positive
2022-10-21 06:38:02+00:00,Babe,menkominfo johnny g plate mengatakan pemerintah sedang menyiapkan peraturan presiden dan aturan turunan dari undangundang nomor  tahun  tentang pelindungan data pribadi pdp n n n,"['menkominfo', 'johnny', 'g', 'plate', 'perintah', 'atur', 'presiden', 'atur', 'turun', 'undangundang', 'nomor', 'lindung', 'data', 'pribadi', 'pdp', 'n', 'n', 'n']",2,positive
2022-10-20 15:36:26+00:00,Heru Sutadi,uu pdp diteken jokowi pengamat minta lembaga perlindungan data pribadi dibentuk,"['uu', 'pdp', 'teken', 'jokowi', 'amat', 'lembaga', 'lindung', 'data', 'pribadi', 'bentuk']",6,positive
2022-10-20 12:22:11+00:00,Muhammad Fadhli,mari kita khatamkan uu pdp malam hari ini,"['mari', 'khatam', 'uu', 'pdp', 'malam']",2,positive
2022-10-20 09:57:19+00:00,Fauzan Akbar,uu pdp udh disahkan ya tiati yg mengelola data pribadi xfxfxxd,"['uu', 'pdp', 'udh', 'sah', 'ya', 'tiati', 'yg', 'kelola', 'data', 'pribadi', 'xfxfxxd']",1,positive
2022-10-20 05:02:34+00:00,kliklegal.id,resmi diundangkan ini kelebihan dan tantangan uuxcxapdp,"['resmi', 'undang', 'lebih', 'tantang', 'uuxcxapdp']",1,positive
2022-10-20 04:49:11+00:00,Jabar Saber Hoaks,hai warginet wargiantihoaksnndalam pemrosesan data pribadi harus memperhatikan prinsip dan etika yang sudah diatur dalam uu perlindungan data pribadi nntetap slalu jaga diri lindungi data pribadi nnsumber uu perlindungan data pribadinn,"['hai', 'warginet', 'wargiantihoaksnndalam', 'pemrosesan', 'data', 'pribadi', 'perhati', 'prinsip', 'etika', 'atur', 'uu', 'lindung', 'data', 'pribadi', 'nntetap', 'slalu', 'jaga', 'lindung', 'data', 'pribadi', 'nnsumber', 'uu', 'lindung', 'data', 'pribadinn']",2,positive
2022-10-19 16:04:31+00:00,Darma 27,uu pdp untuk lindungi data masyarakat   ahy pemimpin perubahan,"['uu', 'pdp', 'lindung', 'data', 'masyarakat', 'ahy', 'pimpin', 'ubah']",1,positive
2022-10-19 12:43:16+00:00,Japri Indonesia,ada informasi baru lagi nih soal undangundang pelindungan data pribadi uu pdp tepatnya pada senin  oktober  presiden jokowi resmi mengesahkan dan mengundangkan uu no tentang pdp,"['informasi', 'nih', 'undangundang', 'lindung', 'data', 'pribadi', 'uu', 'pdp', 'tepat', 'senin', 'oktober', 'presiden', 'jokowi', 'resmi', 'kesah', 'undang', 'uu', 'no', 'pdp']",9,positive
2022-10-26 19:10:05+00:00,Pusat Perpustakaan UIN Jakarta,perlindungan hukum konsumen terhadap data pribadi dalam perjanjian pinjaman online dompet kartu analisis putusan nomor  pidsuspnjktutr,"['lindung', 'hukum', 'konsumen', 'data', 'pribadi', 'janji', 'pinjam', 'online', 'dompet', 'kartu', 'analisis', 'putus', 'nomor', 'pidsuspnjktutr']",3,positive
2022-10-26 10:20:00+00:00,Klinik Hukumonline,jadi paham ktp termasuk data pribadi penduduk yang wajib dilindungi oleh negara pada aturan mana yang menyatakan apakah ktp merupakan data pribadi yang dilindungi yuk pahami lebih lanjut perlindungan data pribadi dalam ktp di sinin,"['paham', 'ktp', 'data', 'pribadi', 'duduk', 'wajib', 'lindung', 'negara', 'atur', 'ktp', 'data', 'pribadi', 'lindung', 'yuk', 'paham', 'lindung', 'data', 'pribadi', 'ktp', 'sin']",4,positive
2022-10-26 09:16:01+00:00,GATRA.com,bssn andalkan satgas perlindungan data pribadi teruskan pencarian bjorkann,"['bssn', 'andal', 'satgas', 'lindung', 'data', 'pribadi', 'terus', 'cari', 'bjorkann']",2,positive
2022-10-25 14:13:45+00:00,hs_thinker,eembut wahuu perlindungan data pribadi baru disahkan lohnitip ya polri,"['eembut', 'wahuu', 'lindung', 'data', 'pribadi', 'sah', 'lohnitip', 'ya', 'polri']",5,positive
2022-10-24 12:20:45+00:00,Gadjah Mada,tunjukan ijazah asli pada siapa nnada uu perlindungan data pribadi yang melindungi,"['tunjuk', 'ijazah', 'asli', 'nnada', 'uu', 'lindung', 'data', 'pribadi', 'lindung']",7,positive
2022-10-24 10:40:08+00:00,Pegasus ğŸ‡®ğŸ‡©,eembut hati ada uu perlindungan data pribadi xfxfxxxfxfxaxaxfxfxaxa,"['eembut', 'hati', 'uu', 'lindung', 'data', 'pribadi', 'xfxfxxxfxfxaxaxfxfxaxa']",1,positive
2022-10-22 04:43:23+00:00,Cito,uu jurnalistik vs uu perlindungan data pribadi hayo menang mana yahahaha,"['uu', 'jurnalistik', 'vs', 'uu', 'lindung', 'data', 'pribadi', 'hayo', 'menang', 'yahahaha']",4,positive
2022-10-22 00:31:00+00:00,Indonesia maju,lembanga perlindungan data pribadi akan ditetapkan presidennn,"['lembanga', 'lindung', 'data', 'pribadi', 'tetap', 'presidennn']",4,positive
2022-10-22 00:27:47+00:00,ilyas,lembaga perlindungan data pribadi akan ditetapkan npresiden jokowin,"['lembaga', 'lindung', 'data', 'pribadi', 'tetap', 'npresiden', 'jokowin']",1,positive
2022-10-22 00:04:24+00:00,Amelia,bmenkominfo sebut lembaga perlindungan data pribadi akan ditetapkan presidenn,"['bmenkominfo', 'lembaga', 'lindung', 'data', 'pribadi', 'tetap', 'presidenn']",1,positive
2022-10-21 23:54:18+00:00,ğ•µğ–ğ–“ğ–Œğ–Œğ–†,lembaga perlindungan data pribadi akan ditetapkan presidennn,"['lembaga', 'lindung', 'data', 'pribadi', 'tetap', 'presidennn']",1,positive
2022-10-21 23:47:28+00:00,SÌ¼Ì¼ÍªÍ–ÌºÍ–Ì¢rÌ£Ì£ÌÍŒÍ©Ì¬Ì«ÍŸiÌ»Ì»Í‘ÍªÌ¾Ì§Í‰ÌœÍŸkÌ¼Ì¼Ì”ÌÌ¦ÌÌ¼aÍ”Í”Í©Ì…ÌÌœÌ—Ì¦nÌ«Ì«Ì˜Ì—Í•,lembaga perlindungan data pribadi akan di tetapkan presidennn,"['lembaga', 'lindung', 'data', 'pribadi', 'tetap', 'presidennn']",1,positive
2022-10-21 23:41:34+00:00,Blackat,menkominfo sebut lembaga perlindungan data pribadi akan ditetapkan presidennn,"['menkominfo', 'lembaga', 'lindung', 'data', 'pribadi', 'tetap', 'presidennn']",1,positive
2022-10-21 23:37:38+00:00,Kelinci cantik,lembaga perlindungan data pribadi akan ditetapkan presidenn,"['lembaga', 'lindung', 'data', 'pribadi', 'tetap', 'presidenn']",1,positive
2022-10-21 23:30:00+00:00,zelion,lembaga perlindungan data pribadi akan di tetapkan oleh presidennn,"['lembaga', 'lindung', 'data', 'pribadi', 'tetap', 'presidennn']",1,positive
2022-10-21 23:29:37+00:00,ziva,menkominfo menyebutkan lembaga perlindungan data pribadi akan ditetapkan presiden,"['menkominfo', 'lembaga', 'lindung', 'data', 'pribadi', 'tetap', 'presiden']",4,positive
2022-10-21 23:13:24+00:00,Mimakhayla,lembaga perlindungan data pribadi akan di tetapkan oleh presidennnn,"['lembaga', 'lindung', 'data', 'pribadi', 'tetap', 'presidennnn']",1,positive
2022-10-21 23:07:21+00:00,Novi Roose,menkominfo sebut lembaga perlindungan data pribadi akan ditetapkan presidenn n,"['menkominfo', 'lembaga', 'lindung', 'data', 'pribadi', 'tetap', 'presidenn', 'n']",1,positive
2022-10-21 23:03:28+00:00,wiwid,menkominfo sebut bahwa lembaga perlindungan data pribadi akak ditetapkan oleh presiden,"['menkominfo', 'lembaga', 'lindung', 'data', 'pribadi', 'akak', 'tetap', 'presiden']",4,positive
2022-10-21 23:02:54+00:00,Yania Lan,menkominfo sebut lembaga perlindungan data pribadi akan ditetapkan presiden semoga dg ini data pribadi semuanya bisa aman dan terlindungi,"['menkominfo', 'lembaga', 'lindung', 'data', 'pribadi', 'tetap', 'presiden', 'moga', 'dg', 'data', 'pribadi', 'aman', 'lindung']",6,positive
2022-10-21 23:01:34+00:00,sibebe,mengkominfo menyebutkan bahwa lembaga perlindungan data pribadi akan ditetapkan oleh presiden,"['mengkominfo', 'lembaga', 'lindung', 'data', 'pribadi', 'tetap', 'presiden']",4,positive
2022-10-21 23:01:13+00:00,tauya,menkominfo menyebut lembaga perlindungan data pribadi ditetapkan presiden,"['menkominfo', 'sebut', 'lembaga', 'lindung', 'data', 'pribadi', 'tetap', 'presiden']",4,positive
2022-10-21 23:01:00+00:00,Erwan14,menkominfo menyebutkan bahwa lembaga perlindungan data pribadi akan ditetapkan oleh presiden jokowin,"['menkominfo', 'lembaga', 'lindung', 'data', 'pribadi', 'tetap', 'presiden', 'jokowin']",4,positive
2022-10-21 23:00:55+00:00,sansan,menkominfo menyebutkan bahwa lembaga perlindungan data pribadi akan di tetapkan presiden,"['menkominfo', 'lembaga', 'lindung', 'data', 'pribadi', 'tetap', 'presiden']",4,positive
2022-10-21 23:00:55+00:00,y || ğŸ±ğŸŠ,lembaga perlindungan data pribadi di tetapkan oleh presiden,"['lembaga', 'lindung', 'data', 'pribadi', 'tetap', 'presiden']",4,positive
2022-10-21 23:00:49+00:00,AnisaR,jokowi mngatakan kalo lembaga perlindungan data pribadi akan di tetapkan oleh presidenn,"['jokowi', 'mngatakan', 'kalo', 'lembaga', 'lindung', 'data', 'pribadi', 'tetap', 'presidenn']",1,positive
2022-10-21 23:00:42+00:00,Alifia_sholeha,menko minfo mengatakan bahwa lembaga perlindungan data pribadi akan ditetapkan presidenn,"['menko', 'minfo', 'lembaga', 'lindung', 'data', 'pribadi', 'tetap', 'presidenn']",1,positive
2022-10-21 23:00:31+00:00,najiminie,lembaga perlindungan data pribadi akan segera ditetapkan oleh presiden,"['lembaga', 'lindung', 'data', 'pribadi', 'tetap', 'presiden']",4,positive
2022-10-21 23:00:27+00:00,jejenajasih,lembanga perlindungan data pribadi akan di tetapkan presiden,"['lembanga', 'lindung', 'data', 'pribadi', 'tetap', 'presiden']",7,positive
2022-10-21 23:00:20+00:00,Rohma12,menkominfo sebut lembaga perlindungan data pribadi akan ditetapkan oleh presiden,"['menkominfo', 'lembaga', 'lindung', 'data', 'pribadi', 'tetap', 'presiden']",4,positive
2022-10-21 23:00:08+00:00,Novita Sari,kominfo menyebutkan bahwa lembaga perlindungan data pribadi akan ditetapkan presiden,"['kominfo', 'lembaga', 'lindung', 'data', 'pribadi', 'tetap', 'presiden']",4,positive
2022-10-21 23:00:06+00:00,Nuna Qia,menkominfo sebut lembaga perlindungan data pribadi akan ditetapkan presiden n,"['menkominfo', 'lembaga', 'lindung', 'data', 'pribadi', 'tetap', 'presiden', 'n']",4,positive
2022-10-21 23:00:06+00:00,ğŸ¦‹,melihat bahwa datadata sangat penting lembaga perlindungan data pribadi akan ditetapkan oleh presidenn,"['datadata', 'lembaga', 'lindung', 'data', 'pribadi', 'tetap', 'presidenn']",1,positive
2022-10-21 23:00:02+00:00,ovelğŸ¥,menkominfo s e b u t lembaga perlindungan data pribadi akan ditetapkan presiden n,"['menkominfo', 's', 'e', 'b', 'u', 't', 'lembaga', 'lindung', 'data', 'pribadi', 'tetap', 'presiden', 'n']",4,positive
2022-10-21 23:00:02+00:00,Zain Fadisa,tetap optimis untuk  dengan perlindungan data pribadi akan ditetapkan oleh pemerintah nih,"['optimis', 'lindung', 'data', 'pribadi', 'tetap', 'perintah', 'nih']",4,positive
2022-10-21 23:00:02+00:00,Satuset,menkominfo menyebur lembaga perlindungan data pribadi akan ditetapkan oleh presidenn,"['menkominfo', 'bur', 'lembaga', 'lindung', 'data', 'pribadi', 'tetap', 'presidenn']",1,positive
2022-10-21 23:00:02+00:00,Sabila56,menkominfo menyebutkan bahwa lembaga perlindungan data pribadi akan di tetap kan oleh bapak presiden jokowin,"['menkominfo', 'lembaga', 'lindung', 'data', 'pribadi', 'presiden', 'jokowin']",1,positive
2022-10-21 23:00:02+00:00,topi2xx,menkominfo menyebutkan jika lembaga perlindungan data pribadi akan ditetapkan presiden,"['menkominfo', 'lembaga', 'lindung', 'data', 'pribadi', 'tetap', 'presiden']",4,positive
2022-10-21 23:00:01+00:00,ã‚ã˜,perlindungan data pribadi akan menjadi prioritas pemerintah n,"['lindung', 'data', 'pribadi', 'prioritas', 'perintah', 'n']",1,positive
2022-10-21 23:00:01+00:00,nuez,presiden akan menetapkan lembaga perlindungan data pribadinn,"['presiden', 'tetap', 'lembaga', 'lindung', 'data', 'pribadinn']",4,positive
2022-10-21 23:00:01+00:00,hyoioo,lembaga perlindungan data pribadi di tetapkan oleh presiden sendirin,"['lembaga', 'lindung', 'data', 'pribadi', 'tetap', 'presiden', 'sendirin']",4,positive
2022-10-21 23:00:01+00:00,yosh,menkominfo mengatakan bahwa lembaga perlindungan data pribadi ditetapkan oleh presiden jokowin,"['menkominfo', 'lembaga', 'lindung', 'data', 'pribadi', 'tetap', 'presiden', 'jokowin']",4,positive
2022-10-21 23:00:01+00:00,asSha,menkominfo menyebutkan lembaga perlindungan data pribadi akan di tetapkan presiden,"['menkominfo', 'lembaga', 'lindung', 'data', 'pribadi', 'tetap', 'presiden']",4,positive
2022-10-21 23:00:01+00:00,Amelia Redella,lembaga perlindungan data pribadi akan menetapkan presidenn,"['lembaga', 'lindung', 'data', 'pribadi', 'tetap', 'presidenn']",1,positive
2022-10-21 23:00:01+00:00,Kareen Melanie,presiden jokowi akan menetapkan lembaga perlindungan data pribadinn,"['presiden', 'jokowi', 'tetap', 'lembaga', 'lindung', 'data', 'pribadinn']",4,positive
2022-10-21 23:00:00+00:00,indra,menkominfo menyebutkan bahwa lembaga perlindungan data pribadi akan ditetapkan oleh presiden,"['menkominfo', 'lembaga', 'lindung', 'data', 'pribadi', 'tetap', 'presiden']",4,positive
2022-10-21 23:00:00+00:00,afri ğŸ•Š,lembaga perlindungan data pribadi masyarakat indonesia akan di tetapkan oleh presiden kata menkominfo nn,"['lembaga', 'lindung', 'data', 'pribadi', 'masyarakat', 'indonesia', 'tetap', 'presiden', 'menkominfo', 'nn']",4,positive
2022-10-21 23:00:00+00:00,Oswald,lembaga perlindungan data pribadi nantinya akn di tetapkan oleh presidenn,"['lembaga', 'lindung', 'data', 'pribadi', 'akn', 'tetap', 'presidenn']",1,positive
2022-10-21 23:00:00+00:00,Alibaba,menkominfo menyebutkan bahwa lembaga perlindungan data pribadi akan di tetapkan oleh presiden,"['menkominfo', 'lembaga', 'lindung', 'data', 'pribadi', 'tetap', 'presiden']",4,positive
2022-10-21 23:00:00+00:00,taeby/ Yang nggak follback sd besok auto unfoll ya,menkominfo sebut presiden yang akan tetapkan lembaga perlindungan data pribadinn,"['menkominfo', 'presiden', 'tetap', 'lembaga', 'lindung', 'data', 'pribadinn']",4,positive
2022-10-21 23:00:00+00:00,dui,akan ditetapkan lembaga perlindungan data pribadi,"['tetap', 'lembaga', 'lindung', 'data', 'pribadi']",1,positive
2022-10-21 07:49:34+00:00,Bisnis.com,bkala uu perlindungan data pribadi bisa mejeng di presidensi g,"['bkala', 'uu', 'lindung', 'data', 'pribadi', 'mejeng', 'presidensi', 'g']",1,positive
2022-10-21 00:47:31+00:00,Gadjah Mada,jokowi tidak harus publikasi ijazah aslinya kepada sembarang orang apalagi dengan alasan tidak jelasnningat sudah ada uu perlindungan data pribadinnmaaf ya twit ini tidak bermaksud membuat kadrun emosi,"['jokowi', 'publikasi', 'ijazah', 'asli', 'sembarang', 'orang', 'alas', 'jelasnningat', 'uu', 'lindung', 'data', 'pribadinnmaaf', 'ya', 'twit', 'kadrun', 'emosi']",4,positive
2022-10-20 11:27:36+00:00,Bocoran Togel,menkominfo lembaga perlindungan data pribadi ditetapkan presiden,"['menkominfo', 'lembaga', 'lindung', 'data', 'pribadi', 'tetap', 'presiden']",4,positive
2022-10-20 11:24:37+00:00,BeritaSatu,pemerintah akan bentuk lembaga perlindungan data pribadi,"['perintah', 'bentuk', 'lembaga', 'lindung', 'data', 'pribadi']",2,positive
2022-10-20 11:10:00+00:00,Klinik Hukumonline,data pribadi nasabah tibatiba diubah secara sepihak oleh pihak bank bolehkah bank melakukan perubahan data sepihak yuk simak perlindungan hukum data pribadi nasabah dan langkah hukum yang bisa ditempuh oleh nasabahn,"['data', 'pribadi', 'nasabah', 'tibatiba', 'ubah', 'bank', 'bank', 'ubah', 'data', 'yuk', 'simak', 'lindung', 'hukum', 'data', 'pribadi', 'nasabah', 'langkah', 'hukum', 'tempuh', 'nasabahn']",9,positive
2022-10-20 08:29:28+00:00,konten politik,presiden   resmi menekan uu perlindungan data pribadi,"['presiden', 'resmi', 'tekan', 'uu', 'lindung', 'data', 'pribadi']",4,positive
2022-10-20 07:02:27+00:00,IntanAyuArimbi,presiden jokowi resmi menandatangani undangundang perlindungan data pribadi,"['presiden', 'jokowi', 'resmi', 'menandatangani', 'undangundang', 'lindung', 'data', 'pribadi']",6,positive
2022-10-19 18:07:46+00:00,Wallblock Technology,lebih baik mencegah daripada mengobati pepatah yang berlaku juga untuk keamanan sibernnpresiden jokowi mengesahkan uu perlindungan data pribadi yang dimuat di uu no  tahun nnsudah saatnya organisasi yang masih menyepelekan masalah segera berbenah kedepanya,"['cegah', 'obat', 'pepatah', 'laku', 'aman', 'sibernnpresiden', 'jokowi', 'kesah', 'uu', 'lindung', 'data', 'pribadi', 'muat', 'uu', 'no', 'nnsudah', 'organisasi', 'sepele', 'benah', 'depa']",3,positive
2022-10-19 16:18:01+00:00,pantau,gpp bang dia mau ngetes uu perlindungan data pribadi yg baru rilis ya mudahan aja masuk jeruji,"['gpp', 'bang', 'ngetes', 'uu', 'lindung', 'data', 'pribadi', 'yg', 'rilis', 'ya', 'mudah', 'aja', 'masuk', 'jeruji']",9,positive
2022-10-19 16:12:57+00:00,Selvy Susanto,uu perlindungan data pribadi disahkan bintang emon  amanda zahra iklan rasa film minions mahal fifa heru kaki,"['uu', 'lindung', 'data', 'pribadi', 'sah', 'bintang', 'emon', 'amanda', 'zahra', 'iklan', 'film', 'minions', 'mahal', 'fifa', 'heru', 'kaki']",2,positive
2022-10-19 15:10:37+00:00,Cekhukum.com,uu nomor  tahun  tentang perlindungan dataxcxapribadi,"['uu', 'nomor', 'lindung', 'dataxcxapribadi']",4,positive
2022-10-28 10:54:38+00:00,Om Udien Official,menurut menkominfo johnny g plate uu pdp juga hadir payung hukum terhadap perlindungan data pribadi yang komprehensif n,"['menkominfo', 'johnny', 'g', 'plate', 'uu', 'pdp', 'hadir', 'payung', 'hukum', 'lindung', 'data', 'pribadi', 'komprehensif', 'n']",0,neutral
2022-10-28 08:20:36+00:00,Batara Wisnu,kominfo uu pdp lindungi hak fundamental warga negarannkehadiran uu tersebut diharapkan dapat memberikan sumbangsih kemajuan yang diantaranya memberikan kemajuan untuk melindungi hak fundamental warga negaran,"['kominfo', 'uu', 'pdp', 'lindung', 'hak', 'fundamental', 'warga', 'negarannkehadiran', 'uu', 'harap', 'sumbangsih', 'maju', 'maju', 'lindung', 'hak', 'fundamental', 'warga', 'negaran']",0,neutral
2022-10-28 07:11:43+00:00,Gus Jul,direktur jenderal aplikasi informatika kominfo semuel abrijani pangerapan mengatakan pengesahan uu pdp oleh presiden pada  oktober  lalu menandai era baru dalam tata kelola data pribadi di ranah digital indonesia  choun,"['direktur', 'jenderal', 'aplikasi', 'informatika', 'kominfo', 'semuel', 'abrijani', 'pangerapan', 'kesah', 'uu', 'pdp', 'presiden', 'oktober', 'tanda', 'era', 'tata', 'kelola', 'data', 'pribadi', 'ranah', 'digital', 'indonesia', 'choun']",0,neutral
2022-10-28 06:23:13+00:00,Nini Tulalit ğŸ‡²ğŸ‡¨ğŸ‡²ğŸ‡¨ğŸ‡²ğŸ‡¨,dengan adanya uu pdp ini smga pengelola data bisa lebih peduli dan baik dalam mengelola datanya kunci hal tersebut ada di lembaga yang dibentuk untuk mengawasi pengelolaan data pribadi ininn n,"['uu', 'pdp', 'smga', 'kelola', 'data', 'peduli', 'kelola', 'data', 'kunci', 'lembaga', 'bentuk', 'awas', 'kelola', 'data', 'pribadi', 'ininn', 'n']",0,neutral
2022-10-27 17:26:04+00:00,Envy,bisa dilaporin pake uu pdp ga sih,"['dilaporin', 'pake', 'uu', 'pdp', 'ga', 'sih']",0,neutral
2022-10-27 13:06:18+00:00,Gizmologi.ID,diteken jokowi langgar uu pdp bisa dipidana  tahun,"['teken', 'jokowi', 'langgar', 'uu', 'pdp', 'pidana']",0,neutral
2022-10-27 08:29:08+00:00,ANTARASULSEL.Com,uu pdp mengatur sedikitnya empat pelanggaran yang bisa dipidana,"['uu', 'pdp', 'atur', 'langgar', 'pidana']",0,neutral
2022-10-27 04:38:01+00:00,Radhitma,wisnu  aturan turunan uu pdp supaya masyarakat semakin banyak yang sadar untuk melindungi data pribadin,"['wisnu', 'atur', 'turun', 'uu', 'pdp', 'masyarakat', 'sadar', 'lindung', 'data', 'pribadin']",0,neutral
2022-10-26 03:50:49+00:00,Faris Ahmad Doni,yep betul kalo harus disahkan uu pdp,"['yep', 'kalo', 'sah', 'uu', 'pdp']",0,neutral
2022-10-26 00:25:04+00:00,RAKYAT BERSATU MELAWAN KOMUNIS IMPERIALIS,ikut jejak bssnn,"['jejak', 'bssnn']",0,neutral
2022-10-25 12:59:41+00:00,detikinet,uu pelindungan data pribadi uu pdp telah disahkan pada pertengahan september lalu pakar keamanan mendesak agar pemerintah segera membentuk lembaga pdp,"['uu', 'lindung', 'data', 'pribadi', 'uu', 'pdp', 'sah', 'tengah', 'september', 'pakar', 'aman', 'desak', 'perintah', 'bentuk', 'lembaga', 'pdp']",0,neutral
2022-10-25 07:39:33+00:00,Badan Pendapatan Daerah Kota Bekasi,jenisjenis data pribadi menurut uu perlindungan data pribadi pdp yang diresmikan pada  september,"['jenisjenis', 'data', 'pribadi', 'uu', 'lindung', 'data', 'pribadi', 'pdp', 'resmi', 'september']",0,neutral
2022-10-23 15:28:21+00:00,ğ•ğ¢ğšğ§ğ¢î¨€,menteri komunikasi dan informatika menkominfo  mengatakan pemerintah sedang menyiapkan peraturan presiden dan aturan turunan dari undangundang nomor  tahun  tentang pelindungan data pribadi pdpnnn,"['menteri', 'komunikasi', 'informatika', 'menkominfo', 'perintah', 'atur', 'presiden', 'atur', 'turun', 'undangundang', 'nomor', 'lindung', 'data', 'pribadi', 'pdpnnn']",0,neutral
2022-10-22 05:00:39+00:00,mltpshnty,coba cek uu pdp yang baru disahkan kemarin pemerintah bisa tau darimana informasi tamu yang menginap kalo tidak dilaporkan penginapan terus kalo dilaporkan uu pdp terlanggar dongxfxfxabxa,"['coba', 'cek', 'uu', 'pdp', 'sah', 'kemarin', 'perintah', 'tau', 'darimana', 'informasi', 'tamu', 'inap', 'kalo', 'lapor', 'inap', 'kalo', 'lapor', 'uu', 'pdp', 'langgar', 'dongxfxfxabxa']",0,neutral
2022-10-21 13:00:01+00:00,HukumOnline,literasi keamanan informasi merupakan tulang punggung dari terbentuknya kesuksesan dalam bidang transformasi digital di indonesia dalam pengimplementasian uu pdpn,"['literasi', 'aman', 'informasi', 'tulang', 'punggung', 'bentuk', 'sukses', 'bidang', 'transformasi', 'digital', 'indonesia', 'implementasi', 'uu', 'pdpn']",0,neutral
2022-10-21 10:16:21+00:00,Udien Marbot Official,sebelumnya presiden joko widodo telah uu pdp pada  oktober  uu pdp ini diterbitkan untuk menjamin hak warga negara atas pelindungan diri dan kesadaran masyarakat serta menjamin pengakuan dan atas pentingnya perlindungan data pribadin,"['presiden', 'joko', 'widodo', 'uu', 'pdp', 'oktober', 'uu', 'pdp', 'terbit', 'jamin', 'hak', 'warga', 'negara', 'lindung', 'sadar', 'masyarakat', 'jamin', 'aku', 'lindung', 'data', 'pribadin']",0,neutral
2022-10-21 09:29:35+00:00,kiw !army jfb,wisnu  presiden joko widodo telah menandatangani uu pdp pada  oktober  uu pdp ini diterbitkan untuk menjamin hak warga negara atas pelindungan diri pribadi dan menumbuhkan kesadaran masyarakat serta menjamin pengakuan dan penghormatan atas pentingnya pelindungan data pribadi,"['wisnu', 'presiden', 'joko', 'widodo', 'menandatangani', 'uu', 'pdp', 'oktober', 'uu', 'pdp', 'terbit', 'jamin', 'hak', 'warga', 'negara', 'lindung', 'pribadi', 'tumbuh', 'sadar', 'masyarakat', 'jamin', 'aku', 'hormat', 'lindung', 'data', 'pribadi']",0,neutral
2022-10-21 06:34:58+00:00,Diana Aurora,menteri komunikasi dan informatika menkominfo johnny g plate mengatakan pemerintah sedang menyiapkan peraturan presiden dan aturan turunan dari undangundang nomor  tahun  tentang pelindungan data pribadi pdp   engn,"['menteri', 'komunikasi', 'informatika', 'menkominfo', 'johnny', 'g', 'plate', 'perintah', 'atur', 'presiden', 'atur', 'turun', 'undangundang', 'nomor', 'lindung', 'data', 'pribadi', 'pdp', 'engn']",0,neutral
2022-10-21 06:23:03+00:00,Batara Wisnu,menkominfo johnny plate pemerintah siapkan perpres dan aturan turunan uu pdpnnmenkominfo johnny g plate mengatakan pemerintah sedang menyiapkan peraturan presiden dan aturan turunan dari undangundang nomor  tahun  tentang pdpn,"['menkominfo', 'johnny', 'plate', 'perintah', 'siap', 'pres', 'atur', 'turun', 'uu', 'pdpnnmenkominfo', 'johnny', 'g', 'plate', 'perintah', 'atur', 'presiden', 'atur', 'turun', 'undangundang', 'nomor', 'pdpn']",0,neutral
2022-10-20 13:49:35+00:00,Media Indonesia,johnny mengatakan melalui berbagai regulasi yang akan diterbitkan pemerintah akan memperkuat perlindungan data pribadi,"['johnny', 'regulasi', 'terbit', 'perintah', 'kuat', 'lindung', 'data', 'pribadi']",0,neutral
2022-10-20 10:36:38+00:00,Wempy ğ™¼ğš’ğšğšŠâ„¢,dalam proses implementasi nuu pdpnsudah barang tentu nsemua pihak harus terlibat ndemi maksimalkan hasilnyann n nn,"['proses', 'implementasi', 'nuu', 'pdpnsudah', 'barang', 'nsemua', 'libat', 'ndemi', 'maksimal', 'hasilnyann', 'n', 'nn']",0,neutral
2022-10-20 06:41:01+00:00,kliklegal.id,tok uu pdp telah diundangkan apa bedanya denganxcxadisahkan,"['tok', 'uu', 'pdp', 'undang', 'beda', 'denganxcxadisahkan']",0,neutral
2022-10-20 03:44:34+00:00,râ‘°,wah ini uu pdp pelik,"['uu', 'pdp', 'pelik']",0,neutral
2022-10-20 03:30:00+00:00,HukumOnline,terdapat  pasal yang tercantum dalam uu pdp,"['pasal', 'cantum', 'uu', 'pdp']",0,neutral
2022-10-28 08:25:32+00:00,Ary Prasetyo,kementerian komunikasi dan informatika  menargetkan lembaga otoritas perlindungan data pribadi pdp segera terbentuk dalam waktu enam bulann n,"['menteri', 'komunikasi', 'informatika', 'target', 'lembaga', 'otoritas', 'lindung', 'data', 'pribadi', 'pdp', 'bentuk', 'enam', 'bulann', 'n']",0,neutral
2022-10-28 02:35:58+00:00,ELSAM Indonesia,ada catatan terkait pembentukan lembaga pengawas pdp agar berjalan optimal pertama lembaga yang akan dibentuk ini benarbenar lembaga independen dengan wewenang kuat kedua sdm pada lembaga pengawas pdp diisi tenaga profesional dalam bidangnya n,"['catat', 'kait', 'bentuk', 'lembaga', 'awas', 'pdp', 'jalan', 'optimal', 'lembaga', 'bentuk', 'benarbenar', 'lembaga', 'independen', 'wewenang', 'kuat', 'sdm', 'lembaga', 'awas', 'pdp', 'isi', 'tenaga', 'profesional', 'bidang', 'n']",0,neutral
2022-10-27 00:30:06+00:00,Heru Sutadi,jokowi teken undangundang perlindungan data pribadi pakar jangan sampai jeruk makan jeruknn,"['jokowi', 'teken', 'undangundang', 'lindung', 'data', 'pribadi', 'pakar', 'jeruk', 'makan', 'jeruknn']",0,neutral
2022-10-26 23:59:36+00:00,KumhamNTT,topik kebijakan perlindungan data pribadi pada layanan keimigrasian pada kanim kupang dan rudenim kupangnn kemenkumham nttn marciana jone,"['topik', 'bijak', 'lindung', 'data', 'pribadi', 'layan', 'imigrasi', 'kanim', 'kupang', 'rudenim', 'kupangnn', 'kemenkumham', 'nttn', 'marciana', 'jone']",0,neutral
2022-10-25 08:06:35+00:00,markmaike,bukan apaapasih lebih ke gue heran banget tau dari mana ternyata mereka tanya ke staff sana haduh perlindungan data pribadi mana nih melanggar banget ini,"['apaapasih', 'gue', 'heran', 'banget', 'tau', 'staff', 'haduh', 'lindung', 'data', 'pribadi', 'nih', 'langgar', 'banget']",0,neutral
2022-10-21 05:18:02+00:00,#SalutemInChristo #DeMoCL #NalarGarisLurus #MiFan,perlindungan data pribadi pdpnbaca pdp nya lumayan banyak tp bagian ini sgt penting untuk diketahui bersaman  kunku,"['lindung', 'data', 'pribadi', 'pdpnbaca', 'pdp', 'nya', 'lumayan', 'tp', 'sgt', 'saman', 'kunku']",0,neutral
2022-10-20 13:57:37+00:00,Diskominfostandi Kota Bekasi,jangan sembarang posting data pribadi kalian ya xexcxbnnyap karena dpr sudah meresmikan uu perlindungan data pribadi pada  september  lhoo xfxfxxannjadi yuk jaga data pribadi kita xfxfxaxnnsumber  n n,"['sembarang', 'posting', 'data', 'pribadi', 'ya', 'xexcxbnnyap', 'dpr', 'resmi', 'uu', 'lindung', 'data', 'pribadi', 'september', 'lhoo', 'xfxfxxannjadi', 'yuk', 'jaga', 'data', 'pribadi', 'xfxfxaxnnsumber', 'n', 'n']",0,neutral
2022-10-20 07:22:04+00:00,Assalia Gracia Cahyadi,uu perlindungan data pribadi di teken bapak jokowinvoldemort batik air cringe risol hermione cristiano ronaldo jaki yugyeom  thanniversary,"['uu', 'lindung', 'data', 'pribadi', 'teken', 'jokowinvoldemort', 'batik', 'air', 'cringe', 'risol', 'hermione', 'cristiano', 'ronaldo', 'jaki', 'yugyeom', 'thanniversary']",0,neutral
2022-10-28 10:43:47+00:00,Ngalap Berkah Nitizen,perihal uu pdp yang telah disahkan pada  september  dalam rapat paripurna dpr menurut menkominfo johnny g plate uu pdp juga hadir payung hukum terhadap perlindungan data pribadi yang komprehensifn,"['perihal', 'uu', 'pdp', 'sah', 'september', 'rapat', 'paripurna', 'dpr', 'menkominfo', 'johnny', 'g', 'plate', 'uu', 'pdp', 'hadir', 'payung', 'hukum', 'lindung', 'data', 'pribadi', 'komprehensifn']",-1,negative
2022-10-28 10:33:05+00:00,Udien Marbot Official,wisnu jadi harus ada upaya untuk memastikan keamanan sibernya terjaga dengan baik itu juga sudah diatur di dalam undangundang pelindungan data pribadi uu pdp pse harus memiliki data protection officer dpon,"['wisnu', 'upaya', 'aman', 'sibernya', 'jaga', 'atur', 'undangundang', 'lindung', 'data', 'pribadi', 'uu', 'pdp', 'pse', 'milik', 'data', 'protection', 'officer', 'dpon']",-5,negative
2022-10-28 09:09:35+00:00,Udien Marbot Official,wisnu    kehadiran uu pdp ini diharapkan dapat memberikan sumbangsih kemajuan yang diantaranya memberikan kemajuan untuk melindungi hak  fundamental warga negaran,"['wisnu', 'hadir', 'uu', 'pdp', 'harap', 'sumbangsih', 'maju', 'maju', 'lindung', 'hak', 'fundamental', 'warga', 'negaran']",-1,negative
2022-10-28 09:06:48+00:00,kiw !army jfb,wisnu    setuju uu pdp untuk lindungi fundamental warga negara,"['wisnu', 'tuju', 'uu', 'pdp', 'lindung', 'fundamental', 'warga', 'negara']",-1,negative
2022-10-28 09:04:48+00:00,kiw !army jfb,wisnu    keberadaan uu pdp tidak akan mengurangi aksi peretasan secara langsung karena sebelum uu pdp pun sebenarnya peretas sudah melanggar hukum dan dapat dihukum berat sesuai kesalahannya tanpa uu pdp,"['wisnu', 'ada', 'uu', 'pdp', 'kurang', 'aksi', 'retas', 'langsung', 'uu', 'pdp', 'retas', 'langgar', 'hukum', 'hukum', 'berat', 'sesuai', 'salah', 'uu', 'pdp']",-4,negative
2022-10-28 08:46:36+00:00,Udien Marbot Official,dengan adanya uu pdp ini diharapkan pengelola data bisa lebih peduli dan baik dalam mengelola datanya kunci hal tersebut ada di lembaga yang dibentuk untuk mengawasi pengelolaan data pribadi inin,"['uu', 'pdp', 'harap', 'kelola', 'data', 'peduli', 'kelola', 'data', 'kunci', 'lembaga', 'bentuk', 'awas', 'kelola', 'data', 'pribadi', 'inin']",-1,negative
2022-10-28 08:36:24+00:00,Spy Zone,uu pdp sekaligus dapat menjadi payung hukum yang lebih komprehensif dan mendorong reformasi praktik pemrosesan data pribadi dengan meningkatkan standar industri serta mendorong inovasi yang bertanggung jawabn  n,"['uu', 'pdp', 'payung', 'hukum', 'komprehensif', 'dorong', 'reformasi', 'praktik', 'pemrosesan', 'data', 'pribadi', 'tingkat', 'standar', 'industri', 'dorong', 'inovasi', 'tanggung', 'jawabn', 'n']",-2,negative
2022-10-28 08:35:13+00:00,Ary Prasetyo,kehadiran uu tersebut diharapkan dapat memberikan sumbangsih kemajuan yang diantaranya memberikan kemajuan untuk melindungi hak fundamental warga negaran  n,"['hadir', 'uu', 'harap', 'sumbangsih', 'maju', 'maju', 'lindung', 'hak', 'fundamental', 'warga', 'negaran', 'n']",-1,negative
2022-10-28 08:34:47+00:00,Ngalap Berkah Nitizen,menurut alfons keberadaan uu pdp tidak akan mengurangi aksi peretasan secara langsung karena sebelum uu pdp pun sebenarnya peretas sudah melanggar hukum dan dapat dihukum berat sesuai kesalahannya tanpa uu pdpn,"['alfons', 'ada', 'uu', 'pdp', 'kurang', 'aksi', 'retas', 'langsung', 'uu', 'pdp', 'retas', 'langgar', 'hukum', 'hukum', 'berat', 'sesuai', 'salah', 'uu', 'pdpn']",-4,negative
2022-10-28 07:12:43+00:00,Spy Zone,lembaga otoritas pdp bertugas mengawasi pengelolaan data pribadi oleh penyelenggara sistem elektronik baik dari pemerintah maupun swasta tujuannya agar pengelolaan data pribadi tersebut sesuai dengan kriteria dalam uu pdpn,"['lembaga', 'otoritas', 'pdp', 'tugas', 'awas', 'kelola', 'data', 'pribadi', 'selenggara', 'sistem', 'elektronik', 'perintah', 'swasta', 'tuju', 'kelola', 'data', 'pribadi', 'sesuai', 'kriteria', 'uu', 'pdpn']",-8,negative
2022-10-28 06:23:57+00:00,Barak Ardian,rincian kedua memastikan kepatuhan thdp uu pdp dan kebijakan pengendali data pribadi atau prosesor data pribadixcxaketiga ppdp memberikan saran mengenai dampak perlindungan data pribadi dan mengendalikan data pribadinnn,"['rincian', 'patuh', 'thdp', 'uu', 'pdp', 'bijak', 'kendali', 'data', 'pribadi', 'prosesor', 'data', 'pribadixcxaketiga', 'ppdp', 'saran', 'dampak', 'lindung', 'data', 'pribadi', 'kendali', 'data', 'pribadinnn']",-9,negative
2022-10-28 06:20:41+00:00,Garuda,ppdp bertugas menginformasikan dan memberikan saran kepada pengendali data pribadi atau prosesor data pribadi agar mematuhi ketentuan dalam uu pdpn n n,"['ppdp', 'tugas', 'informasi', 'saran', 'kendali', 'data', 'pribadi', 'prosesor', 'data', 'pribadi', 'patuh', 'tentu', 'uu', 'pdpn', 'n', 'n']",-8,negative
2022-10-28 06:19:34+00:00,Gajah Mada,menurut hitungan kominfo setidaknya di indonesia itu butuh  ribu ppdp tugas ppdp ini nantinya sebagai internal compliancen n n,"['hitung', 'kominfo', 'indonesia', 'butuh', 'ribu', 'ppdp', 'tugas', 'ppdp', 'internal', 'compliancen', 'n', 'n']",-5,negative
2022-10-28 06:17:59+00:00,Babe,dirjen aplikasi informatika kementerian komunikasi dan informatika  semuel abrijani pangerapan mengatakan diterbitkannya undangundang perlindungan data pribadi atau uu pdp mampu menciptakan banyak profesi barun n n,"['dirjen', 'aplikasi', 'informatika', 'menteri', 'komunikasi', 'informatika', 'semuel', 'abrijani', 'pangerapan', 'terbit', 'undangundang', 'lindung', 'data', 'pribadi', 'uu', 'pdp', 'cipta', 'profesi', 'barun', 'n', 'n']",-5,negative
2022-10-28 06:15:00+00:00,HukumOnline,harus ada upaya untuk memastikan keamanan siber terjaga dengan baik hal ini sudah diatur di dalam uu pdp di mana pse harus mempunyai data protection officer dpon,"['upaya', 'aman', 'siber', 'jaga', 'atur', 'uu', 'pdp', 'pse', 'data', 'protection', 'officer', 'dpon']",-7,negative
2022-10-28 01:54:38+00:00,kiw !army jfb,wisnu    pdp bertugas menginformasikan dan memberikan saran kepada pengendali data pribadi atau prosesor data pribadi agar mematuhi ketentuan dalam uu pdp,"['wisnu', 'pdp', 'tugas', 'informasi', 'saran', 'kendali', 'data', 'pribadi', 'prosesor', 'data', 'pribadi', 'patuh', 'tentu', 'uu', 'pdp']",-8,negative
2022-10-28 00:55:28+00:00,Ary Prasetyo,rincian tugas ppdp yang pertama ppdp bertugas menginformasikan dan memberikan saran kepada pengendali data pribadi atau prosesor data pribadi agar mematuhi ketentuan dalam uu pdpn  n,"['rincian', 'tugas', 'ppdp', 'ppdp', 'tugas', 'informasi', 'saran', 'kendali', 'data', 'pribadi', 'prosesor', 'data', 'pribadi', 'patuh', 'tentu', 'uu', 'pdpn', 'n']",-9,negative
2022-10-27 13:43:01+00:00,Diana Aurora,dirjen aplikasi informatika kementerian komunikasi dan informatika kominfo semuel abrijani pangerapan mengatakan diterbitkannya undangundang perlindungan data pribadi atau uu pdp mampu menciptakan banyak profesi baru w  n,"['dirjen', 'aplikasi', 'informatika', 'menteri', 'komunikasi', 'informatika', 'kominfo', 'semuel', 'abrijani', 'pangerapan', 'terbit', 'undangundang', 'lindung', 'data', 'pribadi', 'uu', 'pdp', 'cipta', 'profesi', 'w', 'n']",-5,negative
2022-10-27 11:08:19+00:00,Dwie,wisnu  uu pdp ini diterbitkan untuk menjamin hak warga negara atas pelindungan data pribadi n,"['wisnu', 'uu', 'pdp', 'terbit', 'jamin', 'hak', 'warga', 'negara', 'lindung', 'data', 'pribadi', 'n']",-4,negative
2022-10-27 11:07:48+00:00,Dwie,uu pdp ini diterbitkan untuk menjamin hak warga negara atas pelindungan data pribadi johnny plate,"['uu', 'pdp', 'terbit', 'jamin', 'hak', 'warga', 'negara', 'lindung', 'data', 'pribadi', 'johnny', 'plate']",-4,negative
2022-10-27 10:03:21+00:00,Koran Gala,undangundang perlindungan data pribadi uu pdp setidaknya memuat empat pelanggaran yang bisa dikenakan sanksi pidana,"['undangundang', 'lindung', 'data', 'pribadi', 'uu', 'pdp', 'muat', 'langgar', 'kena', 'sanksi', 'pidana']",-2,negative
2022-10-27 09:34:32+00:00,kliklegal.id,menjadi acuan uu pdp bagaimana aturan pelindungan data pribadi dixcxagdpr,"['acu', 'uu', 'pdp', 'atur', 'lindung', 'data', 'pribadi', 'dixcxagdpr']",-3,negative
2022-10-27 09:17:41+00:00,Republika.co.id,doxing adalah praktik menyebarkan data pribadi orang lain,"['doxing', 'praktik', 'sebar', 'data', 'pribadi', 'orang']",-3,negative
2022-10-27 08:15:00+00:00,HukumOnline,kip siap melaksanakan substansi uu pdp terkait badan publikn,"['kip', 'laksana', 'substansi', 'uu', 'pdp', 'kait', 'badan', 'publikn']",-1,negative
2022-10-27 08:10:27+00:00,Investor Daily,uu pdp tandai era baru tata kelola data pribadi,"['uu', 'pdp', 'tanda', 'era', 'tata', 'kelola', 'data', 'pribadi']",-4,negative
2022-10-27 07:55:06+00:00,Republika.co.id,uu pdp amanatkan lembaga penyelenggaraan data pribadi yang bertanggung ke presiden,"['uu', 'pdp', 'amanat', 'lembaga', 'selenggara', 'data', 'pribadi', 'tanggung', 'presiden']",-2,negative
2022-10-27 07:40:00+00:00,Klinik Hukumonline,perusahaan jasa ekspedisi wajib untuk melindungi data pribadi pelanggannya simak bagaimana bunyi ketentuan pelindungan data pribadi bagi perusahaan jasa ekspedisi menurut uu ite dan uu pdp lewat artikel berikutn,"['usaha', 'jasa', 'ekspedisi', 'wajib', 'lindung', 'data', 'pribadi', 'langgan', 'simak', 'bunyi', 'tentu', 'lindung', 'data', 'pribadi', 'usaha', 'jasa', 'ekspedisi', 'uu', 'ite', 'uu', 'pdp', 'artikel', 'berikutn']",-4,negative
2022-10-27 04:38:54+00:00,Rani,mempersiapkan perpres dan aturan turunan uu pdp,"['pres', 'atur', 'turun', 'uu', 'pdp']",-2,negative
2022-10-27 04:33:13+00:00,Banyu Biru,perpres dan aturan turunan uu pdp sedang dipersiapkan pemerintah,"['pres', 'atur', 'turun', 'uu', 'pdp', 'siap', 'perintah']",-1,negative
2022-10-27 04:29:52+00:00,Semoga Abadi,pemerintah menyiapkan perpres dan aturan turunan uu pdp,"['perintah', 'pres', 'atur', 'turun', 'uu', 'pdp']",-2,negative
2022-10-27 03:00:19+00:00,Ary Prasetyo,harus ada upaya untuk memastikan keamanan sibernya terjaga dengan baik itu juga sudah diatur di dalam undangundang pelindungan data pribadi uu pdp pse harus mempunyai data protection officer dpon,"['upaya', 'aman', 'sibernya', 'jaga', 'atur', 'undangundang', 'lindung', 'data', 'pribadi', 'uu', 'pdp', 'pse', 'data', 'protection', 'officer', 'dpon']",-6,negative
2022-10-26 08:30:00+00:00,HukumOnline,otoritas pdp bertugas untuk mengawasi pengelolaan data pribadi oleh penyelenggara sistem elektronik baik pemerintah dan swasta agar memenuhi kriteria dalam uu pdpn,"['otoritas', 'pdp', 'tugas', 'awas', 'kelola', 'data', 'pribadi', 'selenggara', 'sistem', 'elektronik', 'perintah', 'swasta', 'penuh', 'kriteria', 'uu', 'pdpn']",-4,negative
2022-10-26 07:40:51+00:00,deBrite,pasal  dengan sengaja membuat data pribadi palsu atau memalsukan data pribadi dengan maksud untuk menguntungkan diri sendiri atau orang lain yang dapat mengakibatkan kerugian bagi orang lain pidana penjara  enam tahun atau pidana denda rp uu pdp,"['pasal', 'sengaja', 'data', 'pribadi', 'palsu', 'palsu', 'data', 'pribadi', 'maksud', 'untung', 'orang', 'akibat', 'rugi', 'orang', 'pidana', 'penjara', 'enam', 'pidana', 'denda', 'rp', 'uu', 'pdp']",-16,negative
2022-10-26 00:25:54+00:00,RAKYAT BERSATU MELAWAN KOMUNIS IMPERIALIS,napak tilas bssnn,"['napak', 'tilas', 'bssnn']",-3,negative
2022-10-25 11:15:00+00:00,Klinik Hukumonline,dalam melakukan kegiatan usaha adakah kewajiban perusahaan jasa ekspedisi untuk melindungi data pribadi konsumennya simak ketentuan pelindungan data pribadi pengguna jasa ekspedisi menurut uu ite dan uu pdp lewat artikel berikutn,"['giat', 'usaha', 'ada', 'wajib', 'usaha', 'jasa', 'ekspedisi', 'lindung', 'data', 'pribadi', 'konsumen', 'simak', 'tentu', 'lindung', 'data', 'pribadi', 'guna', 'jasa', 'ekspedisi', 'uu', 'ite', 'uu', 'pdp', 'artikel', 'berikutn']",-5,negative
2022-10-25 10:15:00+00:00,HukumOnline,tugas dan tanggung jawab lembaga pelindungan data pribadi akan dielaborasi secara lebih detail dalam peraturan turunan dari uu pdpn,"['tugas', 'tanggung', 'lembaga', 'lindung', 'data', 'pribadi', 'elaborasi', 'detail', 'atur', 'turun', 'uu', 'pdpn']",-5,negative
2022-10-24 22:40:08+00:00,KakağŸ‡®ğŸ‡©,wisnu  pentingnya uu pdp untuk menjaga keamanan data pribadi untuk perseorangan ataupun negaran,"['wisnu', 'uu', 'pdp', 'jaga', 'aman', 'data', 'pribadi', 'orang', 'negaran']",-4,negative
2022-10-24 22:38:02+00:00,KakağŸ‡®ğŸ‡©,pemerintah siapkan perpres dan aturan turunan uu pdpn,"['perintah', 'siap', 'pres', 'atur', 'turun', 'uu', 'pdpn']",-1,negative
2022-10-24 13:59:28+00:00,Nini Tulalit ğŸ‡²ğŸ‡¨ğŸ‡²ğŸ‡¨ğŸ‡²ğŸ‡¨,pemerintah mengharapkan partisipasi masyarakat berupa saran dan masukan dalam penyusunan perpres dan aturan turunan undangundang nomor  tahun  tentang pelindungan data pribadi pdp nn n nn,"['perintah', 'harap', 'partisipasi', 'masyarakat', 'saran', 'masuk', 'susun', 'pres', 'atur', 'turun', 'undangundang', 'nomor', 'lindung', 'data', 'pribadi', 'pdp', 'nn', 'n', 'nn']",-2,negative
2022-10-24 08:30:00+00:00,HukumOnline,industri jasa keuangan termasuk dalam ruang lingkup uu pelindungan data pribadi pdpn,"['industri', 'jasa', 'uang', 'ruang', 'lingkup', 'uu', 'lindung', 'data', 'pribadi', 'pdpn']",-3,negative
2022-10-24 06:55:58+00:00,akun tulis ajha sie,tugas mata kuliah  komunikasi politik nnindonesia telah memiliki undangundang nomor  tahun  tentang pelindungan data pribadi uu pdp tersendiri lalu apakah uu pdp bisa membawa keamanan untuk warga negara indonesia,"['tugas', 'mata', 'kuliah', 'komunikasi', 'politik', 'nnindonesia', 'milik', 'undangundang', 'nomor', 'lindung', 'data', 'pribadi', 'uu', 'pdp', 'sendiri', 'uu', 'pdp', 'bawa', 'aman', 'warga', 'negara', 'indonesia']",-10,negative
2022-10-24 05:03:00+00:00,Wempy ğ™¼ğš’ğšğšŠâ„¢,diterangkan oleh nmenkominfo nsaat ini pemerintah tengah nmenyiapkan perpres ndan aturanxcxbnsebagai turunan uu pdp nn nn,"['terang', 'nmenkominfo', 'nsaat', 'perintah', 'nmenyiapkan', 'pres', 'ndan', 'aturanxcxbnsebagai', 'turun', 'uu', 'pdp', 'nn', 'nn']",-3,negative
2022-10-24 02:28:28+00:00,Dukcapil Kota Mojokerto,pasal  uu pdp menjelaskan tentang aturan uu yang berlaku untuk setiap orang badan publik dan organisasi internasional berikut ketentuannya,"['pasal', 'uu', 'pdp', 'atur', 'uu', 'laku', 'orang', 'badan', 'publik', 'organisasi', 'internasional', 'tentu']",-7,negative
2022-10-24 02:00:01+00:00,tirtoid,direktur eksekutif elsam wahyudi djafar mengatakan ada masalah dalam bentuk lembaga yang diatur dalam uu pdp nnposisi lembaga yang berada di rumpun eksekutif akan menimbulkan keraguan publik saat negara melakukan pelanggaran pengelolaan data pribadinn,"['direktur', 'eksekutif', 'elsam', 'wahyudi', 'djafar', 'bentuk', 'lembaga', 'atur', 'uu', 'pdp', 'nnposisi', 'lembaga', 'rumpun', 'eksekutif', 'timbul', 'ragu', 'publik', 'negara', 'langgar', 'kelola', 'data', 'pribadinn']",-8,negative
2022-10-23 15:21:22+00:00,Jifi î¨€,menkominfo johnny plate mengatakan pemerintah siapkan perpres dan aturan turunan uu pdpn n nn,"['menkominfo', 'johnny', 'plate', 'perintah', 'siap', 'pres', 'atur', 'turun', 'uu', 'pdpn', 'n', 'nn']",-1,negative
2022-10-23 08:21:31+00:00,ekow,ada pasal karetnya nggak nih kabarnya spil nama lengkap sama jenis kelamin bisa kena uu pdp,"['pasal', 'karet', 'nggak', 'nih', 'kabar', 'spil', 'nama', 'lengkap', 'jenis', 'kelamin', 'kena', 'uu', 'pdp']",-14,negative
2022-10-23 03:38:46+00:00,LPM OPINI FISIP,sementara itu bintang rajapasha selaku ketua kantor media dan informasi badan eksekutif muda bem universitas diponegoro menyampaikan harapannya pada kominfo melalui uu pdp yang telah disahkan nnbaca selengkapnya di,"['bintang', 'rajapasha', 'ketua', 'kantor', 'media', 'informasi', 'badan', 'eksekutif', 'muda', 'bem', 'universitas', 'diponegoro', 'harap', 'kominfo', 'uu', 'pdp', 'sah', 'nnbaca', 'lengkap']",-7,negative
2022-10-23 03:38:43+00:00,LPM OPINI FISIP,artikelnnuu pdp apresiasi dan kritik di balik pengesahannyannpada  september  rancangan undangundang pelindungan data pribadi ruu pdp telah disahkan menjadi undangundang,"['artikelnnuu', 'pdp', 'apresiasi', 'kritik', 'pengesahannyannpada', 'september', 'rancang', 'undangundang', 'lindung', 'data', 'pribadi', 'ruu', 'pdp', 'sah', 'undangundang']",-4,negative
2022-10-22 11:36:45+00:00,Lagi Diet ğŸ¤§,wisnu  semoga pepres dan aturan turunan uu pdp ini bisa segera diselesaikan xfxfxxd,"['wisnu', 'moga', 'pres', 'atur', 'turun', 'uu', 'pdp', 'selesai', 'xfxfxxd']",-3,negative
2022-10-22 02:41:54+00:00,Cahayaku,menkominfo  pemerintah siapkan perpres dan aturan turunan uu pdpnnuu pdp ini diterbitkan utk menjamin hak warga negara atas pelindungan diri pribadi dan menumbuhkan kesadaran masyarakat serta menjamin  atas pentingnya pelindungan data pribadin,"['menkominfo', 'perintah', 'siap', 'pres', 'atur', 'turun', 'uu', 'pdpnnuu', 'pdp', 'terbit', 'utk', 'jamin', 'hak', 'warga', 'negara', 'lindung', 'pribadi', 'tumbuh', 'sadar', 'masyarakat', 'jamin', 'lindung', 'data', 'pribadin']",-5,negative
2022-10-22 01:24:44+00:00,Om Udien Official,wisnu  uu ini tidak berlaku untuk membuka data pribadi oleh pribadi dalam kegiatan pribadi atau rumah tangga sesuai tertulis di pasal  ayat  uu pdpn,"['wisnu', 'uu', 'laku', 'buka', 'data', 'pribadi', 'pribadi', 'giat', 'pribadi', 'rumah', 'tangga', 'sesuai', 'tulis', 'pasal', 'ayat', 'uu', 'pdpn']",-5,negative
2022-10-22 01:11:02+00:00,Ngalap Berkah Nitizen,pasal  menyebutkan bahwa uu pdp ini berlaku untuk setiap orang badan publik dan organisasi internasional yang melakukan perbuatan hukum sebagaimana diatur dalam uu inin,"['pasal', 'uu', 'pdp', 'laku', 'orang', 'badan', 'publik', 'organisasi', 'internasional', 'buat', 'hukum', 'atur', 'uu', 'inin']",-3,negative
2022-10-21 12:31:25+00:00,Bang Gaston,menkominfo johnny plate pemerintah siapkan perpres dan aturan turunan uu pdp xfxfxxdnn n,"['menkominfo', 'johnny', 'plate', 'perintah', 'siap', 'pres', 'atur', 'turun', 'uu', 'pdp', 'xfxfxxdnn', 'n']",-1,negative
2022-10-21 11:30:00+00:00,HukumOnline,budidjaja international lawyers bil mengumumkan pengangkatan terhadap dua senior associate presiden diminta bergerak cepat mengambil alih untuk membenahi penegakan hukum dan tantangan implementasi uu pdpn,"['budidjaja', 'international', 'lawyers', 'bil', 'umum', 'angkat', 'senior', 'associate', 'presiden', 'gerak', 'cepat', 'ambil', 'alih', 'benah', 'tega', 'hukum', 'tantang', 'implementasi', 'uu', 'pdpn']",-14,negative
2022-10-21 09:29:16+00:00,Jabar Future Leaders,pada tanggal  september lalu dewan perwakilan rakyat dpr republik indonesia sudah meresmikan undangundang perlindungan data pribadi uu pdp,"['tanggal', 'september', 'dewan', 'wakil', 'rakyat', 'dpr', 'republik', 'indonesia', 'resmi', 'undangundang', 'lindung', 'data', 'pribadi', 'uu', 'pdp']",-4,negative
2022-10-21 09:23:16+00:00,Ary Prasetyo,uu pdp ini diterbitkan untuk menjamin hak warga negara atas pelindungan diri pribadi dan menumbuhkan kesadaran masyarakat serta menjamin pengakuan dan penghormatan atas pentingnya pelindungan data pribadin  nn,"['uu', 'pdp', 'terbit', 'jamin', 'hak', 'warga', 'negara', 'lindung', 'pribadi', 'tumbuh', 'sadar', 'masyarakat', 'jamin', 'aku', 'hormat', 'lindung', 'data', 'pribadin', 'nn']",-3,negative
2022-10-21 07:27:40+00:00,Barak Ardian,sanksi pidana lainnya juga diatur dalam pasal  selain dijatuhi hukuman pidana juga dapat dijatuhkan pidana tambahan berupa perampasan keuntungan danatau harta kekayaan yg diperoleh atau hasil dari tindak pidana dan ganti rugi kerugiannn,"['sanksi', 'pidana', 'atur', 'pasal', 'jatuh', 'hukum', 'pidana', 'jatuh', 'pidana', 'tambah', 'ampas', 'untung', 'danatau', 'harta', 'kaya', 'yg', 'oleh', 'hasil', 'tindak', 'pidana', 'ganti', 'rugi', 'kerugiannn']",-8,negative
2022-10-21 07:15:00+00:00,HukumOnline,diskusi ini penting agar pelaku usaha dapat memahami poinpoin penting dalam uu pdp dan implementasinya terkait bisnis yang dijalankann,"['diskusi', 'laku', 'usaha', 'paham', 'poinpoin', 'uu', 'pdp', 'implementasi', 'kait', 'bisnis', 'dijalankann']",-3,negative
2022-10-21 06:42:54+00:00,Gajah Mada,pemerintah saat ini sedang siapkan perpres dan aturan turunan uu pdpn n n,"['perintah', 'siap', 'pres', 'atur', 'turun', 'uu', 'pdpn', 'n', 'n']",-1,negative
2022-10-21 06:41:30+00:00,Garuda,uu pdp ini juga mengatur terkait ketentuan pidana pelanggar hukum pasal  ayat  menyebutkan ketentuan pidana bagi yang dengan sengaja dan melawan hukum memperoleh atau mengumpulkan data pribadi yang bukan miliknyan n n,"['uu', 'pdp', 'atur', 'kait', 'tentu', 'pidana', 'langgar', 'hukum', 'pasal', 'ayat', 'tentu', 'pidana', 'sengaja', 'lawan', 'hukum', 'oleh', 'kumpul', 'data', 'pribadi', 'miliknyan', 'n', 'n']",-21,negative
2022-10-21 01:14:06+00:00,Japri Indonesia,dengan adanya undangundang pelindungan data pribadi uu pdp setidaknya ada  kemajuan aspek yang diharapkan oleh pemerintah dan seluruh golongan masyarakat apa saja kedelapan unsur tersebut berikut informasi selengkapnya,"['undangundang', 'lindung', 'data', 'pribadi', 'uu', 'pdp', 'maju', 'aspek', 'harap', 'perintah', 'golong', 'masyarakat', 'delap', 'unsur', 'informasi', 'lengkap']",-4,negative
2022-10-20 12:25:00+00:00,Ivoox Indonesia,pemerintah siapkan perpres dan aturan turunan uu pdp,"['perintah', 'siap', 'pres', 'atur', 'turun', 'uu', 'pdp']",-1,negative
2022-10-20 12:17:06+00:00,medioker,iya betul mungkin maksudnya data spesifik menurut uu pdp pun demikian saya tdk yakin data spesifik tdk boleh dilakukan pemrosesan tp standar pemrosesannya lbh tinggi cmiiw,"['iya', 'maksud', 'data', 'spesifik', 'uu', 'pdp', 'tdk', 'data', 'spesifik', 'tdk', 'pemrosesan', 'tp', 'standar', 'pemrosesannya', 'lbh', 'cmiiw']",-6,negative
2022-10-20 12:05:03+00:00,Ivoox Indonesia,kip siap laksakan substansi uu pdp terkait badan publik,"['kip', 'laksa', 'substansi', 'uu', 'pdp', 'kait', 'badan', 'publik']",-1,negative
2022-10-20 09:12:13+00:00,ekow,apa betul spill nama lengkap org lain jenis kelamin dan agama sudah bisa kena uu pdp,"['spill', 'nama', 'lengkap', 'org', 'jenis', 'kelamin', 'agama', 'kena', 'uu', 'pdp']",-10,negative
2022-10-20 08:56:31+00:00,PREDIKSI TOGEL WAP | DEWITOGEL,pemerintah siapkan perpres dan aturan turunan dari uu pdp,"['perintah', 'siap', 'pres', 'atur', 'turun', 'uu', 'pdp']",-1,negative
2022-10-20 07:58:08+00:00,antaranews.com,melalui perpres dan aturan turunan uu perlindungan data pribadi pdp pemerintah akan memperkuat perlindungan data pribadi nn,"['pres', 'atur', 'turun', 'uu', 'lindung', 'data', 'pribadi', 'pdp', 'perintah', 'kuat', 'lindung', 'data', 'pribadi', 'nn']",-1,negative
2022-10-20 07:46:26+00:00,ANTARASULSEL.Com,pemerintah menyiapkan perpres dan aturan turunan dari uu pdp,"['perintah', 'pres', 'atur', 'turun', 'uu', 'pdp']",-2,negative
2022-10-20 07:23:08+00:00,DDTCNews,instansi pemerintah diwajibkan untuk menunjuk pejabat atau petugas yang melaksanakan fungsi pelindungan data pribadi seiring dengan diundangkannya uu  tentang pdpnn    n,"['instansi', 'perintah', 'wajib', 'jabat', 'tugas', 'laksana', 'fungsi', 'lindung', 'data', 'pribadi', 'iring', 'undang', 'uu', 'pdpnn', 'n']",-6,negative
2022-10-20 06:23:50+00:00,Ismail,pemerintah terus berkomitmen untuk melindungi data pribadi masyarakat guna menghindari penyalahgunaan atau kebocoran data yang dilakukan pihakpihak yang tidak bertanggung jawab melalui berbagai cara salah satunya dengan penerapa uu pdp,"['perintah', 'komitmen', 'lindung', 'data', 'pribadi', 'masyarakat', 'hindar', 'penyalahgunaan', 'bocor', 'data', 'pihakpihak', 'tanggung', 'salah', 'satu', 'apa', 'uu', 'pdp']",-13,negative
2022-10-20 05:56:07+00:00,ANTARASULSEL.Com,kip siap laksanakan subtansi uu pdp terkait badan publik,"['kip', 'laksana', 'subtansi', 'uu', 'pdp', 'kait', 'badan', 'publik']",-2,negative
2022-10-20 05:00:01+00:00,HukumOnline,tragedi kanjuruhan potensi obstruction of justice syarat menjadi caleg dalam pemilu  memperkuat peran auditor keuangan untuk cegah korupsi turut dibahas hukumonlinen,"['tragedi', 'kanjuruhan', 'potensi', 'obstruction', 'of', 'justice', 'syarat', 'caleg', 'milu', 'kuat', 'peran', 'auditor', 'uang', 'cegah', 'korupsi', 'bahas', 'hukumonlinen']",-5,negative
2022-10-20 04:30:00+00:00,HukumOnline,hadirnya uu pdp dapat mempersempit penyalahgunaan data pribadi kebocoran data pribadi hingga jual beli data pribadi yang seringkali disebabkan oleh serangan siber human error kegagalan sistem hingga tidak perdulinya terhadap kewajiban regulasin,"['hadir', 'uu', 'pdp', 'sempit', 'penyalahgunaan', 'data', 'pribadi', 'bocor', 'data', 'pribadi', 'jual', 'beli', 'data', 'pribadi', 'seringkali', 'sebab', 'serang', 'siber', 'human', 'error', 'gagal', 'sistem', 'duli', 'wajib', 'regulasin']",-35,negative
2022-10-20 01:51:57+00:00,ekow,spill nama lengkap org lain jenis kelamin dan agama sudah bisa kena uu pdp mantap nih semoga nggak dijadikan pasal karet,"['spill', 'nama', 'lengkap', 'org', 'jenis', 'kelamin', 'agama', 'kena', 'uu', 'pdp', 'mantap', 'nih', 'moga', 'nggak', 'jadi', 'pasal', 'karet']",-11,negative
2022-10-20 01:47:52+00:00,ekow,id spill nama lengkap org lain jenis kelamin dan agama sudah bisa kena uu pdp mantap nih,"['id', 'spill', 'nama', 'lengkap', 'org', 'jenis', 'kelamin', 'agama', 'kena', 'uu', 'pdp', 'mantap', 'nih']",-5,negative
2022-10-20 01:45:01+00:00,ekow,posting nama lengkap org lain jenis kelamin dan agama sudah bisa kena uu pdp,"['posting', 'nama', 'lengkap', 'org', 'jenis', 'kelamin', 'agama', 'kena', 'uu', 'pdp']",-10,negative
2022-10-19 18:13:29+00:00,nlsn,ilham  saya kurang paham soal eksklusifitas slik ojk cm uu pdp bolehin data publik dikelola bareng swasta jgn kan data marketplace aj bisa jd pengendali data sekaligus mungutin pajak,"['ilham', 'paham', 'eksklusifitas', 'slik', 'ojk', 'cm', 'uu', 'pdp', 'bolehin', 'data', 'publik', 'kelola', 'bareng', 'swasta', 'jgn', 'data', 'marketplace', 'aj', 'jd', 'kendali', 'data', 'mungutin', 'pajak']",-12,negative
2022-10-19 10:57:53+00:00,peris.ai,dengan demikian ketentuan pidana langsung berlaku sementara untuk ketentuan administrasi terutama tanggung jawab pengendali dan prosesor data diberi tenggat waktu  tahun untuk persiapannyannakses resmi uu pdp ke  nn,"['tentu', 'pidana', 'langsung', 'laku', 'tentu', 'administrasi', 'tanggung', 'kendali', 'prosesor', 'data', 'tenggat', 'persiapannyannakses', 'resmi', 'uu', 'pdp', 'nn']",-6,negative
2022-10-28 07:16:26+00:00,Diana Aurora,kemkominfo menargetkan lembaga otoritas perlindungan data pribadi  segera terbentuk dalam waktu enam bulan lembaga ini bisa di bawah presiden tetapi bisa juga berupa lembaga yg kewenangannya diberikan ke kementerianlembaga yg sudah ada been,"['kemkominfo', 'target', 'lembaga', 'otoritas', 'lindung', 'data', 'pribadi', 'bentuk', 'enam', 'lembaga', 'presiden', 'lembaga', 'yg', 'wenang', 'kementerianlembaga', 'yg', 'been']",-1,negative
2022-10-28 03:37:05+00:00,Bisnis.com,kadin minta pelaku usaha pahami uu perlindungan data pribadi,"['kadin', 'laku', 'usaha', 'paham', 'uu', 'lindung', 'data', 'pribadi']",-2,negative
2022-10-27 15:40:15+00:00,Nayla,oth dwia yaa benarxfxfxxd perlindungan data pribadi itu sangat penting dilakukan untuk mencegah oknum atau pihak yang tidak  bertanggungjawab dan menghindari potensi pencemaran nama baik,"['oth', 'dwia', 'yaa', 'benarxfxfxxd', 'lindung', 'data', 'pribadi', 'cegah', 'oknum', 'bertanggungjawab', 'hindar', 'potensi', 'cemar', 'nama']",-1,negative
2022-10-27 14:34:36+00:00,kalyndi,untuk mewujudkan ekonomi digital di indonesia hanya bisa diperoleh apabila tiga hal legislasi primer undangundang perlindungan data pribadi pdp,"['wujud', 'ekonomi', 'digital', 'indonesia', 'oleh', 'legislasi', 'primer', 'undangundang', 'lindung', 'data', 'pribadi', 'pdp']",-1,negative
2022-10-27 10:06:40+00:00,Lussy Khalila Wijaya,skrg udh ada uu perlindungan data pribadi kan ya tp ttp aja yak kaga bisa kita bergantung sm itu doang harus ttp usaha sendiri gmn caranya jaga data pribadi,"['skrg', 'udh', 'uu', 'lindung', 'data', 'pribadi', 'ya', 'tp', 'ttp', 'aja', 'yak', 'kaga', 'gantung', 'sm', 'doang', 'ttp', 'usaha', 'gmn', 'jaga', 'data', 'pribadi']",-4,negative
2022-10-27 09:26:01+00:00,Nayla,oth dwia yaa benarxfxfxxd perlindungan data pribadi dibutuhkan untuk dapat menghindari ancaman pelecehan seksual perundungan online hingga kekerasan berbasis gender online kbgo,"['oth', 'dwia', 'yaa', 'benarxfxfxxd', 'lindung', 'data', 'pribadi', 'butuh', 'hindar', 'ancam', 'leceh', 'seksual', 'rundung', 'online', 'keras', 'bas', 'gender', 'online', 'kbgo']",-17,negative
2022-10-27 09:21:38+00:00,Merdeka.com,uu perlindungan data pribadi atur  pelanggaran berujung pidana salah satunya doxing,"['uu', 'lindung', 'data', 'pribadi', 'atur', 'langgar', 'ujung', 'pidana', 'salah', 'satu', 'doxing']",-4,negative
2022-10-27 02:04:10+00:00,Achmad Misrin,pasal  undangundang nomor  tahun  perlindungan data pribadi,"['pasal', 'undangundang', 'nomor', 'lindung', 'data', 'pribadi']",-3,negative
2022-10-26 10:03:13+00:00,TII,lembaga perlindungan data pribadi akan sulit menuntut tanggung jawab pemerintah   via,"['lembaga', 'lindung', 'data', 'pribadi', 'sulit', 'tuntut', 'tanggung', 'perintah', 'via']",-7,negative
2022-10-25 17:14:06+00:00,inilahcom,semakin banyak pengguna internet di dunia semakin banyak pula yang abai terhadap perlindungan data pribadi data pribadi yang diunggah di internet atau media sosial bisa menjadi pintu masuk kejahatan siber demi keamanan dibutuhkan perlindungan kataxexxa,"['guna', 'internet', 'dunia', 'abai', 'lindung', 'data', 'pribadi', 'data', 'pribadi', 'unggah', 'internet', 'media', 'sosial', 'pintu', 'masuk', 'jahat', 'siber', 'aman', 'butuh', 'lindung', 'kataxexxa']",-9,negative
2022-10-25 12:36:48+00:00,Majalah GATRA,dpr sudah mengesahkan uu perlindungan data pribadi masih diragukan efektivitasnya keamanan data pribadi butuh sdm penjaga yang mumpuninnxfxfxx,"['dpr', 'kesah', 'uu', 'lindung', 'data', 'pribadi', 'ragu', 'efektivitas', 'aman', 'data', 'pribadi', 'butuh', 'sdm', 'jaga', 'mumpuninnxfxfxx']",-9,negative
2022-10-25 02:20:34+00:00,Jabar Saber Hoaks,hai warginet wargiantihoaksnnjangan terlalu gegabah dengan data pribadi ya warginetnsetiap pemrosesan data pribadi ada prinsip amp etikanyanntetap slalu jaga diri lindungi data pribadinnsumber uu perlindungan data pribadi,"['hai', 'warginet', 'wargiantihoaksnnjangan', 'gegabah', 'data', 'pribadi', 'ya', 'warginetnsetiap', 'pemrosesan', 'data', 'pribadi', 'prinsip', 'amp', 'etikanyanntetap', 'slalu', 'jaga', 'lindung', 'data', 'pribadinnsumber', 'uu', 'lindung', 'data', 'pribadi']",-3,negative
2022-10-24 16:25:41+00:00,Zulfahmi Hammam,takutnya disalahgunakan jadi perjelas aja maksudnyanjgn sampe di hp itu ada foto ktp kamu yanhal terburuknya data gambarktp itu bisa jd disalahgunakan buat pinjol nselalu hati amp waspada amp terus upgrade diri dlm hal teknologi utamanya dlm perlindungan data pribadi,"['takut', 'disalahgunakan', 'jelas', 'aja', 'maksudnyanjgn', 'sampe', 'hp', 'foto', 'ktp', 'yanhal', 'buruk', 'data', 'gambarktp', 'jd', 'disalahgunakan', 'pinjol', 'nselalu', 'hati', 'amp', 'waspada', 'amp', 'upgrade', 'dlm', 'teknologi', 'utama', 'dlm', 'lindung', 'data', 'pribadi']",-8,negative
2022-10-24 07:12:14+00:00,Layanan Informasi dan Pengaduan Kota Bandung,ancaman hukuman bagi pelaggaran terhadap data pribdai nnuu perlindungan data pribadi akhirnya disahkan ada banyak hal tentang penggunaan data pribadi yang diatur sehingga diharapkan tidak ada lagi penyalahgunaan data seseorangnnn,"['ancam', 'hukum', 'pelaggaran', 'data', 'pribdai', 'nnuu', 'lindung', 'data', 'pribadi', 'sah', 'guna', 'data', 'pribadi', 'atur', 'harap', 'penyalahgunaan', 'data', 'seseorangnnn']",-11,negative
2022-10-23 15:41:59+00:00,andrea ataraxia.,aduan laporan bantuan data pribadi kekerasan gender berbasis online revenge porn serangan digital hack whatsapp ancaman gangguan akses internet bantuan hukum layanan hukum perlindungan,"['adu', 'lapor', 'bantu', 'data', 'pribadi', 'keras', 'gender', 'bas', 'online', 'revenge', 'porn', 'serang', 'digital', 'hack', 'whatsapp', 'ancam', 'ganggu', 'akses', 'internet', 'bantu', 'hukum', 'layan', 'hukum', 'lindung']",-16,negative
2022-10-23 04:04:27+00:00,Radio PRFM,uu perlindungan data pribadi telah disahkan begini ancaman pidana bagi penyebar identitas seseorang,"['uu', 'lindung', 'data', 'pribadi', 'sah', 'ancam', 'pidana', 'sebar', 'identitas']",-3,negative
2022-10-22 01:16:22+00:00,Lina Sianturi,lembaga perlindungan data pribadi nakan ditetapkannpresiden jokowin,"['lembaga', 'lindung', 'data', 'pribadi', 'nak', 'ditetapkannpresiden', 'jokowin']",-2,negative
2022-10-21 23:00:48+00:00,MahesaMurgen,sebentar lagi pemerintah akan menetapkan lembaga perlindungan data pribadi,"['sebentar', 'perintah', 'tetap', 'lembaga', 'lindung', 'data', 'pribadi']",-1,negative
2022-10-21 23:00:17+00:00,Akun Yeolmae,menkominfo menyebutkan bahwa lembaga perlindungan data pribadi akan diterapkan oleh presidenn,"['menkominfo', 'lembaga', 'lindung', 'data', 'pribadi', 'terap', 'presidenn']",-2,negative
2022-10-21 23:00:07+00:00,Dimas hadii,lembaga perlindungan data pribadi akan segera di tetapkan oleh presiden sehingga data pribadi setiap warga negara indonesia dijamin keamanannyan,"['lembaga', 'lindung', 'data', 'pribadi', 'tetap', 'presiden', 'data', 'pribadi', 'warga', 'negara', 'indonesia', 'jamin', 'keamanannyan']",-4,negative
2022-10-21 12:30:01+00:00,Klinik Hukumonline,jadi paham ternyata menurut uu adminduk ktp merupakan data pribadi seorang penduduk yang wajib disimpan dan dilindungi negara yuk simak artikel berikut untuk memahami lebih lanjut mengenai perlindungan hukum terhadap data pribadi di dalam ktpn,"['paham', 'uu', 'adminduk', 'ktp', 'data', 'pribadi', 'duduk', 'wajib', 'simpan', 'lindung', 'negara', 'yuk', 'simak', 'artikel', 'paham', 'lindung', 'hukum', 'data', 'pribadi', 'ktpn']",-5,negative
2022-10-21 05:27:54+00:00,Arie M Haikal,larangan dan sanksi dalam undangundang perlindungan data pribadinn,"['larang', 'sanksi', 'undangundang', 'lindung', 'data', 'pribadinn']",-2,negative
2022-10-21 00:46:12+00:00,Gadjah Mada,abaikan saja mereka tidak harus dituruti  ingat sudah ada uu perlindungan data pribadi,"['abai', 'turut', 'uu', 'lindung', 'data', 'pribadi']",-5,negative
2022-10-21 00:39:26+00:00,Lentera Merah Putih News,perketat keamanan masyarakat dan negara jokowi tetapkan lembaga perlindungan data pribadinnnnnatasha wilona iklan rasa film ronaldo wirda minions bang do boris lampard iko uwais pagiii  m,"['ketat', 'aman', 'masyarakat', 'negara', 'jokowi', 'tetap', 'lembaga', 'lindung', 'data', 'pribadinnnnnatasha', 'wilona', 'iklan', 'film', 'ronaldo', 'wirda', 'minions', 'bang', 'do', 'bor', 'lampard', 'iko', 'uwais', 'pagiii', 'm']",-2,negative
2022-10-20 03:35:46+00:00,Aelda Prihatiwi,uu perlindungan data pribadi sudah diresmikan jokowi golden ticket ari lasso hamil risol get well soon ten and winwin iko uwais jaemin pagii narnia ronaldo jaki ningning batik air iklan rasa film demag soklin antisep fifa kamis lloris syaifullah heru silent hill,"['uu', 'lindung', 'data', 'pribadi', 'resmi', 'jokowi', 'golden', 'ticket', 'ari', 'lasso', 'hamil', 'risol', 'get', 'well', 'soon', 'ten', 'and', 'winwin', 'iko', 'uwais', 'jaemin', 'pagi', 'narnia', 'ronaldo', 'jaki', 'ningning', 'batik', 'air', 'iklan', 'film', 'demag', 'soklin', 'antisep', 'fifa', 'kamis', 'lloris', 'syaifullah', 'heru', 'silent', 'hill']",-5,negative
2022-10-20 00:00:25+00:00,Julia Riyanti Wibowo,jokowi telah resmi menandatangani uu tentang perlindungan data pribadi uu tersebut mendapatkan nomor  tahun  terdapat  pasal dalam uu baru tersebutnn  iklan rasa film  ronaldo  rashford  silent hill,"['jokowi', 'resmi', 'menandatangani', 'uu', 'lindung', 'data', 'pribadi', 'uu', 'nomor', 'pasal', 'uu', 'tersebutnn', 'iklan', 'film', 'ronaldo', 'rashford', 'silent', 'hill']",-1,negative
2022-10-19 18:45:39+00:00,Pradhana Adimukti,keduanya korban doxing btw so problemnya memang perlindungan data kita yang masih kacrut nn nn,"['korban', 'doxing', 'btw', 'so', 'problem', 'lindung', 'data', 'kacrut', 'nn', 'nn']",-7,negative
2022-10-19 17:52:30+00:00,Abdi Mulia Lubis,jokowi telah resmi menandatangani uu tentang perlindungan data pribadi uu tersebut mendapatkan nomor  tahun  terdapat  pasal dalam uu baru tersebut,"['jokowi', 'resmi', 'menandatangani', 'uu', 'lindung', 'data', 'pribadi', 'uu', 'nomor', 'pasal', 'uu']",-1,negative
2022-10-19 13:02:10+00:00,M. Fatahillah Akbar,sudah resmi dan dapat nomornnundang undang nomor  tahun  ttg perlindungan data pribadi nnbisa dilihat ketentuan pidana nya tetap harus mempelajari ketentuan administrasi yg mempengaruhinnmudahan ga jadi salah penerapan seperti uu ite,"['resmi', 'nomornnundang', 'undang', 'nomor', 'ttg', 'lindung', 'data', 'pribadi', 'nnbisa', 'tentu', 'pidana', 'nya', 'ajar', 'tentu', 'administrasi', 'yg', 'mempengaruhinnmudahan', 'ga', 'salah', 'terap', 'uu', 'ite']",-7,negative
